order_year,order_month,total_revenue,order_volume,year_month
2023,01,2930.44,9,2023-01
2023,02,1398.31,4,2023-02
2023,03,1540.14,5,2023-03
2023,04,1230.6100000000001,5,2023-04
2023,05,3907.1099999999997,12,2023-05
2023,06,3535.6799999999994,11,2023-06
2023,07,2894.68,7,2023-07
2023,08,2445.2,7,2023-08
2023,09,3171.6800000000003,9,2023-09
2023,10,2366.0099999999998,6,2023-10
2023,11,1781.95,4,2023-11
2023,12,1704.79,5,2023-12
